USE [master]
GO
/****** Object:  Database [MyStoreDB]    Script Date: 1/12/2023 9:19:55 AM ******/
CREATE DATABASE [MyStoreDB]
 CONTAINMENT = NONE
 ON  PRIMARY 
( NAME = N'MyStoreDB', FILENAME = N'C:\Program Files\Microsoft SQL Server\MSSQL15.MSSQLSERVER\MSSQL\DATA\MyStoreDB.mdf' , SIZE = 8192KB , MAXSIZE = UNLIMITED, FILEGROWTH = 65536KB )
 LOG ON 
( NAME = N'MyStoreDB_log', FILENAME = N'C:\Program Files\Microsoft SQL Server\MSSQL15.MSSQLSERVER\MSSQL\DATA\MyStoreDB_log.ldf' , SIZE = 8192KB , MAXSIZE = 2048GB , FILEGROWTH = 65536KB )
 WITH CATALOG_COLLATION = DATABASE_DEFAULT
GO
ALTER DATABASE [MyStoreDB] SET COMPATIBILITY_LEVEL = 150
GO
IF (1 = FULLTEXTSERVICEPROPERTY('IsFullTextInstalled'))
begin
EXEC [MyStoreDB].[dbo].[sp_fulltext_database] @action = 'enable'
end
GO
ALTER DATABASE [MyStoreDB] SET ANSI_NULL_DEFAULT OFF 
GO
ALTER DATABASE [MyStoreDB] SET ANSI_NULLS OFF 
GO
ALTER DATABASE [MyStoreDB] SET ANSI_PADDING OFF 
GO
ALTER DATABASE [MyStoreDB] SET ANSI_WARNINGS OFF 
GO
ALTER DATABASE [MyStoreDB] SET ARITHABORT OFF 
GO
ALTER DATABASE [MyStoreDB] SET AUTO_CLOSE OFF 
GO
ALTER DATABASE [MyStoreDB] SET AUTO_SHRINK OFF 
GO
ALTER DATABASE [MyStoreDB] SET AUTO_UPDATE_STATISTICS ON 
GO
ALTER DATABASE [MyStoreDB] SET CURSOR_CLOSE_ON_COMMIT OFF 
GO
ALTER DATABASE [MyStoreDB] SET CURSOR_DEFAULT  GLOBAL 
GO
ALTER DATABASE [MyStoreDB] SET CONCAT_NULL_YIELDS_NULL OFF 
GO
ALTER DATABASE [MyStoreDB] SET NUMERIC_ROUNDABORT OFF 
GO
ALTER DATABASE [MyStoreDB] SET QUOTED_IDENTIFIER OFF 
GO
ALTER DATABASE [MyStoreDB] SET RECURSIVE_TRIGGERS OFF 
GO
ALTER DATABASE [MyStoreDB] SET  ENABLE_BROKER 
GO
ALTER DATABASE [MyStoreDB] SET AUTO_UPDATE_STATISTICS_ASYNC OFF 
GO
ALTER DATABASE [MyStoreDB] SET DATE_CORRELATION_OPTIMIZATION OFF 
GO
ALTER DATABASE [MyStoreDB] SET TRUSTWORTHY OFF 
GO
ALTER DATABASE [MyStoreDB] SET ALLOW_SNAPSHOT_ISOLATION OFF 
GO
ALTER DATABASE [MyStoreDB] SET PARAMETERIZATION SIMPLE 
GO
ALTER DATABASE [MyStoreDB] SET READ_COMMITTED_SNAPSHOT OFF 
GO
ALTER DATABASE [MyStoreDB] SET HONOR_BROKER_PRIORITY OFF 
GO
ALTER DATABASE [MyStoreDB] SET RECOVERY FULL 
GO
ALTER DATABASE [MyStoreDB] SET  MULTI_USER 
GO
ALTER DATABASE [MyStoreDB] SET PAGE_VERIFY CHECKSUM  
GO
ALTER DATABASE [MyStoreDB] SET DB_CHAINING OFF 
GO
ALTER DATABASE [MyStoreDB] SET FILESTREAM( NON_TRANSACTED_ACCESS = OFF ) 
GO
ALTER DATABASE [MyStoreDB] SET TARGET_RECOVERY_TIME = 60 SECONDS 
GO
ALTER DATABASE [MyStoreDB] SET DELAYED_DURABILITY = DISABLED 
GO
ALTER DATABASE [MyStoreDB] SET ACCELERATED_DATABASE_RECOVERY = OFF  
GO
EXEC sys.sp_db_vardecimal_storage_format N'MyStoreDB', N'ON'
GO
ALTER DATABASE [MyStoreDB] SET QUERY_STORE = OFF
GO
USE [MyStoreDB]
GO
/****** Object:  Table [dbo].[Customer]    Script Date: 1/12/2023 9:19:55 AM ******/
SET ANSI_NULLS ON
GO
SET QUOTED_IDENTIFIER ON
GO
CREATE TABLE [dbo].[Customer](
	[CustomerID] [int] NULL,
	[FirstName] [varchar](50) NULL,
	[LastName] [varchar](50) NULL,
	[Phone] [varchar](50) NULL,
	[Email] [varchar](50) NULL,
	[Street] [varchar](50) NULL,
	[City] [varchar](50) NULL,
	[State] [varchar](50) NULL,
	[ZipCode] [varchar](50) NULL
) ON [PRIMARY]
GO
/****** Object:  Table [dbo].[CustomerData]    Script Date: 1/12/2023 9:19:55 AM ******/
SET ANSI_NULLS ON
GO
SET QUOTED_IDENTIFIER ON
GO
CREATE TABLE [dbo].[CustomerData](
	[CustomerID] [float] NULL,
	[FirstName] [nvarchar](255) NULL,
	[LastName] [nvarchar](255) NULL,
	[Phone] [nvarchar](255) NULL,
	[Email] [nvarchar](255) NULL,
	[Street] [nvarchar](255) NULL,
	[City] [nvarchar](255) NULL,
	[State] [nvarchar](255) NULL,
	[ZipCode] [float] NULL
) ON [PRIMARY]
GO
/****** Object:  Table [dbo].[Employee]    Script Date: 1/12/2023 9:19:55 AM ******/
SET ANSI_NULLS ON
GO
SET QUOTED_IDENTIFIER ON
GO
CREATE TABLE [dbo].[Employee](
	[EmployeeID] [int] NULL,
	[FirstName] [varchar](50) NULL,
	[LastName] [varchar](50) NULL,
	[Email] [varchar](50) NULL,
	[Phone] [varchar](25) NULL,
	[Active] [int] NULL,
	[StoreID] [int] NULL,
	[ManagerID] [int] NULL,
	[Salary] [decimal](10, 2) NULL,
	[SalaryType] [char](1) NULL
) ON [PRIMARY]
GO
/****** Object:  Table [dbo].[Product]    Script Date: 1/12/2023 9:19:55 AM ******/
SET ANSI_NULLS ON
GO
SET QUOTED_IDENTIFIER ON
GO
CREATE TABLE [dbo].[Product](
	[ProductID] [int] NULL,
	[ProductName] [varchar](50) NULL,
	[ProductCategory] [varchar](50) NULL,
	[ItemPrice] [decimal](10, 2) NULL
) ON [PRIMARY]
GO
/****** Object:  Table [dbo].[Sales]    Script Date: 1/12/2023 9:19:55 AM ******/
SET ANSI_NULLS ON
GO
SET QUOTED_IDENTIFIER ON
GO
CREATE TABLE [dbo].[Sales](
	[InvoiceID] [int] NULL,
	[CustomerID] [int] NULL,
	[SalesDate] [date] NULL,
	[StoreID] [int] NULL,
	[EmployeeID] [int] NULL,
	[SalesAmount] [decimal](10, 2) NULL
) ON [PRIMARY]
GO
/****** Object:  Table [dbo].[SalesDetails]    Script Date: 1/12/2023 9:19:55 AM ******/
SET ANSI_NULLS ON
GO
SET QUOTED_IDENTIFIER ON
GO
CREATE TABLE [dbo].[SalesDetails](
	[InvoiceID] [int] NULL,
	[LineID] [int] NULL,
	[ProductID] [int] NULL,
	[Quantity] [int] NULL,
	[ItemPrice] [decimal](10, 2) NULL,
	[Discount] [decimal](10, 2) NULL,
	[LineTotal] [decimal](10, 2) NULL
) ON [PRIMARY]
GO
/****** Object:  Table [dbo].[Store]    Script Date: 1/12/2023 9:19:55 AM ******/
SET ANSI_NULLS ON
GO
SET QUOTED_IDENTIFIER ON
GO
CREATE TABLE [dbo].[Store](
	[StoreID] [nvarchar](50) NULL,
	[StoreName] [nvarchar](50) NULL,
	[Phone] [nvarchar](50) NULL,
	[Email] [nvarchar](50) NULL,
	[Street] [nvarchar](50) NULL,
	[City] [nvarchar](50) NULL,
	[State] [nvarchar](50) NULL,
	[ZipCode] [varchar](10) NULL
) ON [PRIMARY]
GO
INSERT [dbo].[Customer] ([CustomerID], [FirstName], [LastName], [Phone], [Email], [Street], [City], [State], [ZipCode]) VALUES (1, N'Jonas', N'Walker', N'767-555-0113', N'jonas1@gmail.com', N'9273 Thorne Ave', N'Orchard Park', N'NY', N'14127')
GO
INSERT [dbo].[Customer] ([CustomerID], [FirstName], [LastName], [Phone], [Email], [Street], [City], [State], [ZipCode]) VALUES (2, N'Harish', N'Rao', N'451-555-0612', N'harish.rao@gmail.com', N'910 Vine Street', N'Cambell', N'CA', N'95008')
GO
INSERT [dbo].[Customer] ([CustomerID], [FirstName], [LastName], [Phone], [Email], [Street], [City], [State], [ZipCode]) VALUES (3, N'Sudha', N'Sharma', N'892-555-0184', N'sudha@hotmail.com', N'769C Honey Creek St ', N'Redondo Beach', N'CA', N'90278')
GO
INSERT [dbo].[Customer] ([CustomerID], [FirstName], [LastName], [Phone], [Email], [Street], [City], [State], [ZipCode]) VALUES (4, N'Hussain', N'Razaq', N'278-555-0186', N'hussain@hotmail.com', N'988 Pearl Lane ', N'Uniondale', N'NY', N'11553')
GO
INSERT [dbo].[Customer] ([CustomerID], [FirstName], [LastName], [Phone], [Email], [Street], [City], [State], [ZipCode]) VALUES (5, N'Pamelia', N'Jackson', N'831-555-5554', N'pamelia.jackson@mystore.com', N'479 Chapel Court ', N'San Jose', N'CA', N'95127')
GO
INSERT [dbo].[Customer] ([CustomerID], [FirstName], [LastName], [Phone], [Email], [Street], [City], [State], [ZipCode]) VALUES (6, N'George', N'Boyer', N'831-555-5556', N'george.boyer@mystore.com', N'182 Thorne Road ', N'Oxnard', N'CA', NULL)
GO
INSERT [dbo].[CustomerData] ([CustomerID], [FirstName], [LastName], [Phone], [Email], [Street], [City], [State], [ZipCode]) VALUES (1, N'Jonas', N'Walker', N'767-555-0113', N'jonas.walker@yahoo.com', N'9273 Thore Avenue', N'Orchard Park', N'NY', NULL)
GO
INSERT [dbo].[CustomerData] ([CustomerID], [FirstName], [LastName], [Phone], [Email], [Street], [City], [State], [ZipCode]) VALUES (2, N'Harish', N'Rao', N'451-555-0162', N'harish@gmail.com', N'910 Vine Street ', N'Campbell', N'CA', 95008)
GO
INSERT [dbo].[CustomerData] ([CustomerID], [FirstName], [LastName], [Phone], [Email], [Street], [City], [State], [ZipCode]) VALUES (3, N'Sudha', N'Sharma', N'892-555-0184', N'sudha@hotmail.com', N'769C Honey Creek St ', N'Redondo Beach', N'CA', 90278)
GO
INSERT [dbo].[CustomerData] ([CustomerID], [FirstName], [LastName], [Phone], [Email], [Street], [City], [State], [ZipCode]) VALUES (4, N'Hussain', N'Razaq', N'278-555-0186', N'hussain@hotmail.com', N'988 Pearl Lane ', N'Uniondale', N'NY', 11553)
GO
INSERT [dbo].[CustomerData] ([CustomerID], [FirstName], [LastName], [Phone], [Email], [Street], [City], [State], [ZipCode]) VALUES (5, N'Pamelia', N'Newman', N'712-555-0141', N'jakson1@yahoo.com', N'107 River Dr ', N'Sacramento', N'CA', 95820)
GO
INSERT [dbo].[CustomerData] ([CustomerID], [FirstName], [LastName], [Phone], [Email], [Street], [City], [State], [ZipCode]) VALUES (6, N'Jamaal', N'Albert', N'944-555-0167', N'mathew22@yahoo.com', N'769 West Road ', N'Fairport', N'NY', 14450)
GO
INSERT [dbo].[CustomerData] ([CustomerID], [FirstName], [LastName], [Phone], [Email], [Street], [City], [State], [ZipCode]) VALUES (7, N'Akash', N'Singh', N'404-555-0199', N'akash2@gmail.com', N'7014 Manor Station Rd ', N'Buffalo', N'NY', 14215)
GO
INSERT [dbo].[CustomerData] ([CustomerID], [FirstName], [LastName], [Phone], [Email], [Street], [City], [State], [ZipCode]) VALUES (8, N'Jacquline', N'Frost', N'296-555-0181', N'jacquline1@yahoo.com', N'15 Brown St ', N'Jackson Heights', N'NY', 11372)
GO
INSERT [dbo].[CustomerData] ([CustomerID], [FirstName], [LastName], [Phone], [Email], [Street], [City], [State], [ZipCode]) VALUES (9, N'James', N'Larsen', N'961-555-0176', N'james@gmail.com', N'8550 Spruce Drive ', N'Port Washington', N'NY', 11050)
GO
INSERT [dbo].[CustomerData] ([CustomerID], [FirstName], [LastName], [Phone], [Email], [Street], [City], [State], [ZipCode]) VALUES (10, N'Willams', N'Brady', N'295-555-0145', N'willams2@gmail.com', N'476 Chestnut Ave ', N'Monroe', N'NY', 10950)
GO
INSERT [dbo].[CustomerData] ([CustomerID], [FirstName], [LastName], [Phone], [Email], [Street], [City], [State], [ZipCode]) VALUES (11, N'Sheri', N'Cole', N'(408) 658-2285', N'sheri.cole@aol.com', N'479 Chapel Court ', N'San Jose', N'CA', 95127)
GO
INSERT [dbo].[CustomerData] ([CustomerID], [FirstName], [LastName], [Phone], [Email], [Street], [City], [State], [ZipCode]) VALUES (12, N'Van', N'Peters', N'(281) 658-7772', N'van.peters@yahoo.com', N'45 Fifth Dr. ', N'Houston', N'TX', 77016)
GO
INSERT [dbo].[CustomerData] ([CustomerID], [FirstName], [LastName], [Phone], [Email], [Street], [City], [State], [ZipCode]) VALUES (13, N'Ayana', N'Keith', N'(805) 230-2101', N'ayana.keith@hotmail.com', N'182 Thorne Road ', N'Oxnard', N'CA', 93035)
GO
INSERT [dbo].[CustomerData] ([CustomerID], [FirstName], [LastName], [Phone], [Email], [Street], [City], [State], [ZipCode]) VALUES (14, N'Jenine', N'Crane', N'(682) 183-6555', N'jenine.crane@msn.com', N'7381 Alderwood Drive ', N'Fort Worth', N'TX', 76110)
GO
INSERT [dbo].[CustomerData] ([CustomerID], [FirstName], [LastName], [Phone], [Email], [Street], [City], [State], [ZipCode]) VALUES (15, N'Coleman', N'Boyd', N'(915) 607-6336', N'coleman.boyd@yahoo.com', N'9740 Bay Meadows Drive ', N'El Paso', N'TX', 79930)
GO
INSERT [dbo].[CustomerData] ([CustomerID], [FirstName], [LastName], [Phone], [Email], [Street], [City], [State], [ZipCode]) VALUES (16, N'Tisha', N'Petty', N'(210) 851-3122', N'tisha.petty@msn.com', N'9083 Lake View Ave. ', N'San Antonio', N'TX', 78213)
GO
INSERT [dbo].[CustomerData] ([CustomerID], [FirstName], [LastName], [Phone], [Email], [Street], [City], [State], [ZipCode]) VALUES (17, N'Pamala', N'Henry', N'NULL', N'pamala.henry@aol.com', N'197 Central Avenue', N'Phoenix', N'AZ', 85012)
GO
INSERT [dbo].[CustomerData] ([CustomerID], [FirstName], [LastName], [Phone], [Email], [Street], [City], [State], [ZipCode]) VALUES (18, N'Latasha', N'Stanley', N'NULL', N'latasha.stanley@gmail.com', N'8068 Osborn Road', N'Phoenix', N'AZ', 85012)
GO
INSERT [dbo].[CustomerData] ([CustomerID], [FirstName], [LastName], [Phone], [Email], [Street], [City], [State], [ZipCode]) VALUES (19, N'Neil', N'Mccall', N'NULL', N'neil.mccall@gmail.com', N'7476 Central Avenue', N'Phoenix', N'AZ', 85012)
GO
INSERT [dbo].[Employee] ([EmployeeID], [FirstName], [LastName], [Email], [Phone], [Active], [StoreID], [ManagerID], [Salary], [SalaryType]) VALUES (1, N'Pamelia', N'Jackson', N'pamelia.jackson@mystore.com', N'831-555-5554', 1, 1, NULL, CAST(1000000.00 AS Decimal(10, 2)), N'M')
GO
INSERT [dbo].[Employee] ([EmployeeID], [FirstName], [LastName], [Email], [Phone], [Active], [StoreID], [ManagerID], [Salary], [SalaryType]) VALUES (2, N'Kasha', N'David', N'kasha.david@mystore.com', N'831-555-5555', 1, 1, 1, CAST(120000.00 AS Decimal(10, 2)), N'M')
GO
INSERT [dbo].[Employee] ([EmployeeID], [FirstName], [LastName], [Email], [Phone], [Active], [StoreID], [ManagerID], [Salary], [SalaryType]) VALUES (3, N'George', N'Boyer', N'george.boyer@mystore.com', N'831-555-5556', 1, 1, 2, CAST(40000.00 AS Decimal(10, 2)), N'M')
GO
INSERT [dbo].[Employee] ([EmployeeID], [FirstName], [LastName], [Email], [Phone], [Active], [StoreID], [ManagerID], [Salary], [SalaryType]) VALUES (4, N'Mohan', N'Sharma', N'mohan.sharma@mystore.com', N'831-555-5557', 1, 2, 2, CAST(30000.00 AS Decimal(10, 2)), N'W')
GO
INSERT [dbo].[Employee] ([EmployeeID], [FirstName], [LastName], [Email], [Phone], [Active], [StoreID], [ManagerID], [Salary], [SalaryType]) VALUES (5, N'Ramesh', N'Singh', N'ramesh.singh@mystore.com', N'516-379-4444', 1, 2, 1, CAST(55000.00 AS Decimal(10, 2)), N'W')
GO
INSERT [dbo].[Product] ([ProductID], [ProductName], [ProductCategory], [ItemPrice]) VALUES (1, N'Biscuit', N'Bakery', CAST(80.00 AS Decimal(10, 2)))
GO
INSERT [dbo].[Product] ([ProductID], [ProductName], [ProductCategory], [ItemPrice]) VALUES (2, N'Bread', N'Bakery', CAST(50.00 AS Decimal(10, 2)))
GO
INSERT [dbo].[Product] ([ProductID], [ProductName], [ProductCategory], [ItemPrice]) VALUES (3, N'Bun', N'Bakery', CAST(15.00 AS Decimal(10, 2)))
GO
INSERT [dbo].[Product] ([ProductID], [ProductName], [ProductCategory], [ItemPrice]) VALUES (4, N'Cake', N'Bakery', CAST(110.00 AS Decimal(10, 2)))
GO
INSERT [dbo].[Product] ([ProductID], [ProductName], [ProductCategory], [ItemPrice]) VALUES (5, N'Coke', N'Beverages', CAST(45.00 AS Decimal(10, 2)))
GO
INSERT [dbo].[Product] ([ProductID], [ProductName], [ProductCategory], [ItemPrice]) VALUES (6, N'Health Drink', N'Beverages', CAST(90.00 AS Decimal(10, 2)))
GO
INSERT [dbo].[Product] ([ProductID], [ProductName], [ProductCategory], [ItemPrice]) VALUES (7, N'Chicken', N'Eggs, Meat & Fish', CAST(300.00 AS Decimal(10, 2)))
GO
INSERT [dbo].[Product] ([ProductID], [ProductName], [ProductCategory], [ItemPrice]) VALUES (8, N'Egg', N'Eggs, Meat & Fish', CAST(10.00 AS Decimal(10, 2)))
GO
INSERT [dbo].[Product] ([ProductID], [ProductName], [ProductCategory], [ItemPrice]) VALUES (9, N'Fish', N'Eggs, Meat & Fish', CAST(250.00 AS Decimal(10, 2)))
GO
INSERT [dbo].[Product] ([ProductID], [ProductName], [ProductCategory], [ItemPrice]) VALUES (10, N'Mutton', N'Eggs, Meat & Fish', CAST(540.00 AS Decimal(10, 2)))
GO
INSERT [dbo].[Product] ([ProductID], [ProductName], [ProductCategory], [ItemPrice]) VALUES (11, N'Wheat Flour', N'Food Grains', CAST(40.00 AS Decimal(10, 2)))
GO
INSERT [dbo].[Product] ([ProductID], [ProductName], [ProductCategory], [ItemPrice]) VALUES (12, N'White Flour', N'Food Grains', CAST(43.00 AS Decimal(10, 2)))
GO
INSERT [dbo].[Product] ([ProductID], [ProductName], [ProductCategory], [ItemPrice]) VALUES (13, N'Dal', N'Food Grains', CAST(180.00 AS Decimal(10, 2)))
GO
INSERT [dbo].[Product] ([ProductID], [ProductName], [ProductCategory], [ItemPrice]) VALUES (14, N'Pulses', N'Food Grains', CAST(195.00 AS Decimal(10, 2)))
GO
INSERT [dbo].[Product] ([ProductID], [ProductName], [ProductCategory], [ItemPrice]) VALUES (15, N'Rice', N'Food Grains', CAST(85.00 AS Decimal(10, 2)))
GO
INSERT [dbo].[Product] ([ProductID], [ProductName], [ProductCategory], [ItemPrice]) VALUES (16, N'Chocolate', N'Snacks', CAST(25.00 AS Decimal(10, 2)))
GO
INSERT [dbo].[Product] ([ProductID], [ProductName], [ProductCategory], [ItemPrice]) VALUES (17, N'Cookies', N'Snacks', CAST(42.00 AS Decimal(10, 2)))
GO
INSERT [dbo].[Product] ([ProductID], [ProductName], [ProductCategory], [ItemPrice]) VALUES (18, N'Noodles', N'Snacks', CAST(120.00 AS Decimal(10, 2)))
GO
INSERT [dbo].[Sales] ([InvoiceID], [CustomerID], [SalesDate], [StoreID], [EmployeeID], [SalesAmount]) VALUES (1, 1, CAST(N'2022-06-01' AS Date), 1, 2, CAST(1259.63 AS Decimal(10, 2)))
GO
INSERT [dbo].[Sales] ([InvoiceID], [CustomerID], [SalesDate], [StoreID], [EmployeeID], [SalesAmount]) VALUES (2, 4, CAST(N'2022-06-01' AS Date), 2, 5, CAST(49.95 AS Decimal(10, 2)))
GO
INSERT [dbo].[Sales] ([InvoiceID], [CustomerID], [SalesDate], [StoreID], [EmployeeID], [SalesAmount]) VALUES (3, 5, CAST(N'2022-06-02' AS Date), 2, 4, CAST(14.95 AS Decimal(10, 2)))
GO
INSERT [dbo].[Sales] ([InvoiceID], [CustomerID], [SalesDate], [StoreID], [EmployeeID], [SalesAmount]) VALUES (4, 6, CAST(N'2022-06-02' AS Date), 1, 1, CAST(99.90 AS Decimal(10, 2)))
GO
INSERT [dbo].[Sales] ([InvoiceID], [CustomerID], [SalesDate], [StoreID], [EmployeeID], [SalesAmount]) VALUES (5, 3, CAST(N'2022-06-02' AS Date), 1, 2, CAST(1121.88 AS Decimal(10, 2)))
GO
INSERT [dbo].[SalesDetails] ([InvoiceID], [LineID], [ProductID], [Quantity], [ItemPrice], [Discount], [LineTotal]) VALUES (1, 2, 8, 2, CAST(10.00 AS Decimal(10, 2)), CAST(0.07 AS Decimal(10, 2)), CAST(19.93 AS Decimal(10, 2)))
GO
INSERT [dbo].[SalesDetails] ([InvoiceID], [LineID], [ProductID], [Quantity], [ItemPrice], [Discount], [LineTotal]) VALUES (1, 3, 10, 2, CAST(540.00 AS Decimal(10, 2)), CAST(0.05 AS Decimal(10, 2)), CAST(1079.95 AS Decimal(10, 2)))
GO
INSERT [dbo].[SalesDetails] ([InvoiceID], [LineID], [ProductID], [Quantity], [ItemPrice], [Discount], [LineTotal]) VALUES (1, 4, 16, 2, CAST(25.00 AS Decimal(10, 2)), CAST(0.05 AS Decimal(10, 2)), CAST(49.95 AS Decimal(10, 2)))
GO
INSERT [dbo].[SalesDetails] ([InvoiceID], [LineID], [ProductID], [Quantity], [ItemPrice], [Discount], [LineTotal]) VALUES (1, 5, 4, 1, CAST(110.00 AS Decimal(10, 2)), CAST(0.20 AS Decimal(10, 2)), CAST(109.80 AS Decimal(10, 2)))
GO
INSERT [dbo].[SalesDetails] ([InvoiceID], [LineID], [ProductID], [Quantity], [ItemPrice], [Discount], [LineTotal]) VALUES (2, 2, 16, 2, CAST(25.00 AS Decimal(10, 2)), CAST(0.05 AS Decimal(10, 2)), CAST(49.95 AS Decimal(10, 2)))
GO
INSERT [dbo].[SalesDetails] ([InvoiceID], [LineID], [ProductID], [Quantity], [ItemPrice], [Discount], [LineTotal]) VALUES (3, 1, 3, 1, CAST(15.00 AS Decimal(10, 2)), CAST(0.05 AS Decimal(10, 2)), CAST(14.95 AS Decimal(10, 2)))
GO
INSERT [dbo].[SalesDetails] ([InvoiceID], [LineID], [ProductID], [Quantity], [ItemPrice], [Discount], [LineTotal]) VALUES (4, 1, 2, 2, CAST(50.00 AS Decimal(10, 2)), CAST(0.10 AS Decimal(10, 2)), CAST(99.90 AS Decimal(10, 2)))
GO
INSERT [dbo].[SalesDetails] ([InvoiceID], [LineID], [ProductID], [Quantity], [ItemPrice], [Discount], [LineTotal]) VALUES (5, 1, 10, 2, CAST(540.00 AS Decimal(10, 2)), CAST(0.05 AS Decimal(10, 2)), CAST(1079.95 AS Decimal(10, 2)))
GO
INSERT [dbo].[SalesDetails] ([InvoiceID], [LineID], [ProductID], [Quantity], [ItemPrice], [Discount], [LineTotal]) VALUES (5, 2, 17, 1, CAST(42.00 AS Decimal(10, 2)), CAST(0.07 AS Decimal(10, 2)), CAST(41.93 AS Decimal(10, 2)))
GO
INSERT [dbo].[SalesDetails] ([InvoiceID], [LineID], [ProductID], [Quantity], [ItemPrice], [Discount], [LineTotal]) VALUES (6, 1, 18, 1, CAST(120.00 AS Decimal(10, 2)), CAST(0.07 AS Decimal(10, 2)), CAST(119.93 AS Decimal(10, 2)))
GO
INSERT [dbo].[SalesDetails] ([InvoiceID], [LineID], [ProductID], [Quantity], [ItemPrice], [Discount], [LineTotal]) VALUES (6, 2, 12, 2, CAST(43.00 AS Decimal(10, 2)), CAST(0.05 AS Decimal(10, 2)), CAST(85.95 AS Decimal(10, 2)))
GO
INSERT [dbo].[SalesDetails] ([InvoiceID], [LineID], [ProductID], [Quantity], [ItemPrice], [Discount], [LineTotal]) VALUES (6, 4, 3, 2, CAST(15.00 AS Decimal(10, 2)), CAST(0.07 AS Decimal(10, 2)), CAST(29.93 AS Decimal(10, 2)))
GO
INSERT [dbo].[SalesDetails] ([InvoiceID], [LineID], [ProductID], [Quantity], [ItemPrice], [Discount], [LineTotal]) VALUES (6, 5, 9, 2, CAST(250.00 AS Decimal(10, 2)), CAST(0.07 AS Decimal(10, 2)), CAST(499.93 AS Decimal(10, 2)))
GO
INSERT [dbo].[SalesDetails] ([InvoiceID], [LineID], [ProductID], [Quantity], [ItemPrice], [Discount], [LineTotal]) VALUES (7, 1, 15, 1, CAST(85.00 AS Decimal(10, 2)), CAST(0.07 AS Decimal(10, 2)), CAST(84.93 AS Decimal(10, 2)))
GO
INSERT [dbo].[SalesDetails] ([InvoiceID], [LineID], [ProductID], [Quantity], [ItemPrice], [Discount], [LineTotal]) VALUES (7, 2, 3, 1, CAST(15.00 AS Decimal(10, 2)), CAST(0.10 AS Decimal(10, 2)), CAST(14.90 AS Decimal(10, 2)))
GO
INSERT [dbo].[SalesDetails] ([InvoiceID], [LineID], [ProductID], [Quantity], [ItemPrice], [Discount], [LineTotal]) VALUES (7, 3, 17, 2, CAST(42.00 AS Decimal(10, 2)), CAST(0.10 AS Decimal(10, 2)), CAST(83.90 AS Decimal(10, 2)))
GO
INSERT [dbo].[SalesDetails] ([InvoiceID], [LineID], [ProductID], [Quantity], [ItemPrice], [Discount], [LineTotal]) VALUES (9, 1, 7, 2, CAST(300.00 AS Decimal(10, 2)), CAST(0.10 AS Decimal(10, 2)), CAST(599.90 AS Decimal(10, 2)))
GO
INSERT [dbo].[SalesDetails] ([InvoiceID], [LineID], [ProductID], [Quantity], [ItemPrice], [Discount], [LineTotal]) VALUES (10, 1, 14, 1, CAST(195.00 AS Decimal(10, 2)), CAST(0.10 AS Decimal(10, 2)), CAST(194.90 AS Decimal(10, 2)))
GO
INSERT [dbo].[SalesDetails] ([InvoiceID], [LineID], [ProductID], [Quantity], [ItemPrice], [Discount], [LineTotal]) VALUES (11, 1, 8, 1, CAST(10.00 AS Decimal(10, 2)), CAST(0.05 AS Decimal(10, 2)), CAST(9.95 AS Decimal(10, 2)))
GO
INSERT [dbo].[SalesDetails] ([InvoiceID], [LineID], [ProductID], [Quantity], [ItemPrice], [Discount], [LineTotal]) VALUES (11, 3, 16, 2, CAST(25.00 AS Decimal(10, 2)), CAST(0.20 AS Decimal(10, 2)), CAST(49.80 AS Decimal(10, 2)))
GO
INSERT [dbo].[SalesDetails] ([InvoiceID], [LineID], [ProductID], [Quantity], [ItemPrice], [Discount], [LineTotal]) VALUES (12, 1, 4, 2, CAST(110.00 AS Decimal(10, 2)), CAST(0.10 AS Decimal(10, 2)), CAST(219.90 AS Decimal(10, 2)))
GO
INSERT [dbo].[SalesDetails] ([InvoiceID], [LineID], [ProductID], [Quantity], [ItemPrice], [Discount], [LineTotal]) VALUES (12, 2, 11, 1, CAST(40.00 AS Decimal(10, 2)), CAST(0.05 AS Decimal(10, 2)), CAST(39.95 AS Decimal(10, 2)))
GO
INSERT [dbo].[SalesDetails] ([InvoiceID], [LineID], [ProductID], [Quantity], [ItemPrice], [Discount], [LineTotal]) VALUES (13, 1, 13, 1, CAST(180.00 AS Decimal(10, 2)), CAST(0.10 AS Decimal(10, 2)), CAST(179.90 AS Decimal(10, 2)))
GO
INSERT [dbo].[SalesDetails] ([InvoiceID], [LineID], [ProductID], [Quantity], [ItemPrice], [Discount], [LineTotal]) VALUES (13, 2, 17, 2, CAST(42.00 AS Decimal(10, 2)), CAST(0.05 AS Decimal(10, 2)), CAST(83.95 AS Decimal(10, 2)))
GO
INSERT [dbo].[SalesDetails] ([InvoiceID], [LineID], [ProductID], [Quantity], [ItemPrice], [Discount], [LineTotal]) VALUES (13, 4, 16, 2, CAST(25.00 AS Decimal(10, 2)), CAST(0.05 AS Decimal(10, 2)), CAST(49.95 AS Decimal(10, 2)))
GO
INSERT [dbo].[SalesDetails] ([InvoiceID], [LineID], [ProductID], [Quantity], [ItemPrice], [Discount], [LineTotal]) VALUES (14, 1, 6, 1, CAST(90.00 AS Decimal(10, 2)), CAST(0.07 AS Decimal(10, 2)), CAST(89.93 AS Decimal(10, 2)))
GO
INSERT [dbo].[SalesDetails] ([InvoiceID], [LineID], [ProductID], [Quantity], [ItemPrice], [Discount], [LineTotal]) VALUES (15, 1, 12, 2, CAST(43.00 AS Decimal(10, 2)), CAST(0.07 AS Decimal(10, 2)), CAST(85.93 AS Decimal(10, 2)))
GO
INSERT [dbo].[SalesDetails] ([InvoiceID], [LineID], [ProductID], [Quantity], [ItemPrice], [Discount], [LineTotal]) VALUES (15, 2, 8, 1, CAST(10.00 AS Decimal(10, 2)), CAST(0.07 AS Decimal(10, 2)), CAST(9.93 AS Decimal(10, 2)))
GO
INSERT [dbo].[SalesDetails] ([InvoiceID], [LineID], [ProductID], [Quantity], [ItemPrice], [Discount], [LineTotal]) VALUES (15, 3, 18, 2, CAST(120.00 AS Decimal(10, 2)), CAST(0.05 AS Decimal(10, 2)), CAST(239.95 AS Decimal(10, 2)))
GO
INSERT [dbo].[SalesDetails] ([InvoiceID], [LineID], [ProductID], [Quantity], [ItemPrice], [Discount], [LineTotal]) VALUES (16, 1, 8, 1, CAST(10.00 AS Decimal(10, 2)), CAST(0.20 AS Decimal(10, 2)), CAST(9.80 AS Decimal(10, 2)))
GO
INSERT [dbo].[SalesDetails] ([InvoiceID], [LineID], [ProductID], [Quantity], [ItemPrice], [Discount], [LineTotal]) VALUES (16, 3, 13, 2, CAST(180.00 AS Decimal(10, 2)), CAST(0.07 AS Decimal(10, 2)), CAST(359.93 AS Decimal(10, 2)))
GO
INSERT [dbo].[SalesDetails] ([InvoiceID], [LineID], [ProductID], [Quantity], [ItemPrice], [Discount], [LineTotal]) VALUES (16, 4, 14, 1, CAST(195.00 AS Decimal(10, 2)), CAST(0.07 AS Decimal(10, 2)), CAST(194.93 AS Decimal(10, 2)))
GO
INSERT [dbo].[SalesDetails] ([InvoiceID], [LineID], [ProductID], [Quantity], [ItemPrice], [Discount], [LineTotal]) VALUES (17, 1, 8, 1, CAST(10.00 AS Decimal(10, 2)), CAST(0.07 AS Decimal(10, 2)), CAST(9.93 AS Decimal(10, 2)))
GO
INSERT [dbo].[SalesDetails] ([InvoiceID], [LineID], [ProductID], [Quantity], [ItemPrice], [Discount], [LineTotal]) VALUES (17, 3, 5, 1, CAST(45.00 AS Decimal(10, 2)), CAST(0.10 AS Decimal(10, 2)), CAST(44.90 AS Decimal(10, 2)))
GO
INSERT [dbo].[SalesDetails] ([InvoiceID], [LineID], [ProductID], [Quantity], [ItemPrice], [Discount], [LineTotal]) VALUES (18, 1, 2, 2, CAST(50.00 AS Decimal(10, 2)), CAST(0.20 AS Decimal(10, 2)), CAST(99.80 AS Decimal(10, 2)))
GO
INSERT [dbo].[SalesDetails] ([InvoiceID], [LineID], [ProductID], [Quantity], [ItemPrice], [Discount], [LineTotal]) VALUES (18, 3, 7, 1, CAST(300.00 AS Decimal(10, 2)), CAST(0.10 AS Decimal(10, 2)), CAST(299.90 AS Decimal(10, 2)))
GO
INSERT [dbo].[SalesDetails] ([InvoiceID], [LineID], [ProductID], [Quantity], [ItemPrice], [Discount], [LineTotal]) VALUES (18, 5, 9, 2, CAST(250.00 AS Decimal(10, 2)), CAST(0.10 AS Decimal(10, 2)), CAST(499.90 AS Decimal(10, 2)))
GO
INSERT [dbo].[SalesDetails] ([InvoiceID], [LineID], [ProductID], [Quantity], [ItemPrice], [Discount], [LineTotal]) VALUES (19, 1, 10, 1, CAST(540.00 AS Decimal(10, 2)), CAST(0.07 AS Decimal(10, 2)), CAST(539.93 AS Decimal(10, 2)))
GO
INSERT [dbo].[SalesDetails] ([InvoiceID], [LineID], [ProductID], [Quantity], [ItemPrice], [Discount], [LineTotal]) VALUES (19, 2, 9, 2, CAST(250.00 AS Decimal(10, 2)), CAST(0.20 AS Decimal(10, 2)), CAST(499.80 AS Decimal(10, 2)))
GO
INSERT [dbo].[SalesDetails] ([InvoiceID], [LineID], [ProductID], [Quantity], [ItemPrice], [Discount], [LineTotal]) VALUES (20, 1, 9, 1, CAST(250.00 AS Decimal(10, 2)), CAST(0.07 AS Decimal(10, 2)), CAST(249.93 AS Decimal(10, 2)))
GO
INSERT [dbo].[SalesDetails] ([InvoiceID], [LineID], [ProductID], [Quantity], [ItemPrice], [Discount], [LineTotal]) VALUES (20, 2, 10, 2, CAST(540.00 AS Decimal(10, 2)), CAST(0.07 AS Decimal(10, 2)), CAST(1079.93 AS Decimal(10, 2)))
GO
INSERT [dbo].[Store] ([StoreID], [StoreName], [Phone], [Email], [Street], [City], [State], [ZipCode]) VALUES (N'1', N'Santa Cruz Grocery', N'(831) 476-4321', N'santacruz@mystore.shop', N'3700 Portola Drive', N'Santa Cruz', N'CA', N'95060')
GO
INSERT [dbo].[Store] ([StoreID], [StoreName], [Phone], [Email], [Street], [City], [State], [ZipCode]) VALUES (N'2', N'Baldwin Grocery', N'(516) 379-8888', N'baldwin@mystore.shop', N'4200 Chestnut Lane', N'Baldwin', N'NY', N'11432')
GO
INSERT [dbo].[Store] ([StoreID], [StoreName], [Phone], [Email], [Street], [City], [State], [ZipCode]) VALUES (N'3', N'Rowlett Grocery', N'(972) 530-5555', N'rowlett@mystore.shop', N'8000 Fairway Avenue', N'Rowlett', N'TX', N'75088')
GO
INSERT [dbo].[Store] ([StoreID], [StoreName], [Phone], [Email], [Street], [City], [State], [ZipCode]) VALUES (N'4', N'Phoenix Grocery', N'(602) 630-6666', N'phoenix.gr@mystore.shop', N'7001 Central Avenue', N'Phoenix', N'AZ', N'85012')
GO
USE [master]
GO
ALTER DATABASE [MyStoreDB] SET  READ_WRITE 
GO
